timestamp,p_in_sp,q_in_sp,q_in_up,q_in_dn,q_in_63,q_in_90,p_actual_hv,q_actual_hv
0.001,0.75,0.0,0.0,0.0,0.0,0.0,0.75,0.0
0.105,0.75,0.0,0.0,0.0,0.0,0.0,0.75,0.0
0.208,0.75,0.0,0.0,0.0,0.0,0.0,0.75,0.0
0.308,0.75,0.0,0.0,0.0,0.0,0.0,0.75,0.0
0.414,0.75,0.0,0.0,0.0,0.0,0.0,0.75,0.0
0.52,0.75,0.0,0.0,0.0,0.0,0.0,0.75,0.0
0.622,0.75,0.0,0.0,0.0,0.0,0.0,0.75,0.0
0.724,0.75,0.0,0.0,0.0,0.0,0.0,0.75,0.0
0.832,0.75,0.0,0.0,0.0,0.0,0.0,0.75,0.0
0.935,0.75,0.0,0.0,0.0,0.0,0.0,0.75,0.0
1.043,0.75,0.0,0.0,0.0,0.0,0.0,0.75,0.0
1.145,0.75,0.0,0.0,0.0,0.0,0.0,0.75,0.0
1.25,0.75,0.0,0.0,0.0,0.0,0.0,0.75,0.0
1.368,0.75,0.0,0.0,0.0,0.0,0.0,0.75,0.0
1.473,0.75,0.0,0.0,0.0,0.0,0.0,0.75,0.0
1.578,0.75,0.0,0.0,0.0,0.0,0.0,0.75,0.0
1.679,0.75,0.0,0.0,0.0,0.0,0.0,0.75,0.0
1.82,0.75,0.0,0.0,0.0,0.0,0.0,0.75,0.0
1.924,0.75,0.0,0.0,0.0,0.0,0.0,0.75,0.0
2.033,0.75,0.0,0.0,0.0,0.0,0.0,0.75,0.0
2.142,0.75,0.0,0.0,0.0,0.0,0.0,0.75,0.0
2.247,0.75,0.0,0.0,0.0,0.0,0.0,0.75,0.0
2.351,0.75,0.0,0.0,0.0,0.0,0.0,0.75,-0.0
2.455,0.75,0.0,0.0,0.0,0.0,0.0,0.75,-0.0
2.561,0.75,0.0,0.0,0.0,0.0,0.0,0.75,-0.0
2.667,0.75,0.0,0.0,0.0,0.0,0.0,0.75,-0.0
2.771,0.75,0.0,0.0,0.0,0.0,0.0,0.75,-0.0
2.875,0.75,0.0,0.0,0.0,0.0,0.0,0.75,-0.0
2.985,0.75,0.0,0.0,0.0,0.0,0.0,0.75,-0.0
3.09,0.75,0.0,0.0,0.0,0.0,0.0,0.75,-0.0
3.194,0.75,0.0,0.0,0.0,0.0,0.0,0.75,-0.0
3.296,0.75,0.0,0.0,0.0,0.0,0.0,0.75,-0.0
3.397,0.75,0.0,0.0,0.0,0.0,0.0,0.75,-0.0
3.498,0.75,0.0,0.0,0.0,0.0,0.0,0.75,-0.0
3.602,0.75,0.0,0.0,0.0,0.0,0.0,0.75,-0.0
3.71,0.75,0.0,0.0,0.0,0.0,0.0,0.75,-0.0
3.811,0.75,0.0,0.0,0.0,0.0,0.0,0.75,-0.0
3.918,0.75,0.0,0.0,0.0,0.0,0.0,0.75,-0.0
4.03,0.75,0.0,0.0,0.0,0.0,0.0,0.75,-0.0
4.136,0.75,0.0,0.0,0.0,0.0,0.0,0.75,-0.0
4.242,0.75,0.0,0.0,0.0,0.0,0.0,0.75,-0.0
4.344,0.75,0.0,0.0,0.0,0.0,0.0,0.75,-0.0
4.447,0.75,0.0,0.0,0.0,0.0,0.0,0.75,-0.0
4.557,0.75,0.0,0.0,0.0,0.0,0.0,0.75,-0.0
4.661,0.75,0.0,0.0,0.0,0.0,0.0,0.75,-0.0
4.766,0.75,0.0,0.0,0.0,0.0,0.0,0.75,-0.0
4.874,0.75,0.0,0.0,0.0,0.0,0.0,0.75,-0.0
4.976,0.75,0.0,0.0,0.0,0.0,0.0,0.75,-0.0
5.087,0.75,0.0,0.0,0.0,0.0,0.0,0.75,-0.0
5.2,0.75,0.0,0.0,0.0,0.0,0.0,0.75,-0.0
5.305,0.75,0.0,0.0,0.0,0.0,0.0,0.75,-0.0
5.418,0.75,0.0,0.0,0.0,0.0,0.0,0.75,-0.0
5.526,0.75,0.0,0.0,0.0,0.0,0.0,0.75,-0.0
5.628,0.75,0.0,0.0,0.0,0.0,0.0,0.75,-0.0
5.733,0.75,0.0,0.0,0.0,0.0,0.0,0.75,-0.0
5.84,0.75,0.0,0.0,0.0,0.0,0.0,0.75,-0.0
5.949,0.75,0.0,0.0,0.0,0.0,0.0,0.75,-0.0
6.07,0.75,0.0,0.0,0.0,0.0,0.0,0.75,-0.0
6.174,0.75,0.0,0.0,0.0,0.0,0.0,0.75,-0.0
6.284,0.75,0.0,0.0,0.0,0.0,0.0,0.75,-0.0
6.392,0.75,0.0,0.0,0.0,0.0,0.0,0.75,-0.0
6.498,0.75,0.0,0.0,0.0,0.0,0.0,0.75,-0.0
6.602,0.75,0.0,0.0,0.0,0.0,0.0,0.75,-0.0
6.712,0.75,0.0,0.0,0.0,0.0,0.0,0.75,-0.0
6.832,0.75,0.0,0.0,0.0,0.0,0.0,0.75,-0.0
6.94,0.75,0.0,0.0,0.0,0.0,0.0,0.75,-0.0
7.045,0.75,0.0,0.0,0.0,0.0,0.0,0.75,-0.0
7.157,0.75,0.0,0.0,0.0,0.0,0.0,0.75,-0.0
7.268,0.75,0.0,0.0,0.0,0.0,0.0,0.75,-0.0
7.376,0.75,0.0,0.0,0.0,0.0,0.0,0.75,-0.0
7.478,0.75,0.0,0.0,0.0,0.0,0.0,0.75,-0.0
7.581,0.75,0.0,0.0,0.0,0.0,0.0,0.75,-0.0
7.686,0.75,0.0,0.0,0.0,0.0,0.0,0.75,-0.0
7.789,0.75,0.0,0.0,0.0,0.0,0.0,0.75,-0.0
7.894,0.75,0.0,0.0,0.0,0.0,0.0,0.75,-0.0
8.001,0.75,0.0,0.0,0.0,0.0,0.0,0.75,-0.0
8.103,0.75,0.0,0.0,0.0,0.0,0.0,0.75,-0.0
8.211,0.75,0.0,0.0,0.0,0.0,0.0,0.75,-0.0
8.321,0.75,0.0,0.0,0.0,0.0,0.0,0.75,0.0
8.424,0.75,0.0,0.0,0.0,0.0,0.0,0.75,0.0
8.53,0.75,0.0,0.0,0.0,0.0,0.0,0.75,0.0
8.634,0.75,0.0,0.0,0.0,0.0,0.0,0.75,0.0
8.738,0.75,0.0,0.0,0.0,0.0,0.0,0.75,0.0
8.843,0.75,0.0,0.0,0.0,0.0,0.0,0.75,0.0
8.949,0.75,0.0,0.0,0.0,0.0,0.0,0.75,0.0
9.055,0.75,0.0,0.0,0.0,0.0,0.0,0.75,0.0
9.158,0.75,0.0,0.0,0.0,0.0,0.0,0.75,0.0
9.262,0.75,0.0,0.0,0.0,0.0,0.0,0.75,0.0
9.365,0.75,0.0,0.0,0.0,0.0,0.0,0.75,0.0
9.467,0.75,0.0,0.0,0.0,0.0,0.0,0.75,0.0
9.569,0.75,0.0,0.0,0.0,0.0,0.0,0.75,0.0
9.676,0.75,0.0,0.0,0.0,0.0,0.0,0.75,0.0
9.777,0.75,0.0,0.0,0.0,0.0,0.0,0.75,0.0
9.879,0.75,0.0,0.0,0.0,0.0,0.0,0.75,0.0
9.991,0.75,0.0,0.0,0.0,0.0,0.0,0.75,0.0
10.103,0.75,-0.171,-0.179,-0.162,-0.106,-0.154,0.75,0.0
10.217,0.75,-0.171,-0.179,-0.162,-0.106,-0.154,0.75,0.0
10.323,0.75,-0.171,-0.179,-0.162,-0.106,-0.154,0.75,0.0
10.428,0.75,-0.171,-0.179,-0.162,-0.106,-0.154,0.75,0.0
10.537,0.75,-0.171,-0.179,-0.162,-0.106,-0.154,0.75,-0.058
10.64,0.75,-0.171,-0.18,-0.162,-0.106,-0.154,0.751,-0.09
10.742,0.75,-0.171,-0.18,-0.163,-0.106,-0.154,0.751,-0.101
10.845,0.75,-0.171,-0.18,-0.163,-0.106,-0.154,0.751,-0.137
10.946,0.75,-0.171,-0.18,-0.163,-0.107,-0.154,0.751,-0.157
11.055,0.75,-0.171,-0.18,-0.163,-0.107,-0.154,0.751,-0.157
11.163,0.75,-0.171,-0.18,-0.163,-0.107,-0.154,0.751,-0.243
11.276,0.75,-0.171,-0.18,-0.163,-0.107,-0.154,0.751,-0.255
11.392,0.75,-0.171,-0.18,-0.163,-0.107,-0.154,0.751,-0.254
11.502,0.75,-0.171,-0.18,-0.163,-0.107,-0.154,0.751,-0.242
11.607,0.75,-0.171,-0.18,-0.163,-0.107,-0.154,0.751,-0.2
11.714,0.75,-0.171,-0.18,-0.163,-0.107,-0.154,0.751,-0.193
11.823,0.75,-0.171,-0.18,-0.163,-0.107,-0.154,0.751,-0.166
11.928,0.75,-0.171,-0.18,-0.163,-0.107,-0.154,0.751,-0.169
12.033,0.75,-0.171,-0.18,-0.163,-0.107,-0.154,0.751,-0.169
12.135,0.75,-0.171,-0.18,-0.163,-0.106,-0.154,0.751,-0.149
12.24,0.75,-0.171,-0.18,-0.163,-0.106,-0.154,0.751,-0.15
12.342,0.75,-0.171,-0.18,-0.163,-0.106,-0.154,0.751,-0.151
12.453,0.75,-0.171,-0.18,-0.163,-0.106,-0.154,0.751,-0.151
12.566,0.75,-0.171,-0.18,-0.163,-0.106,-0.154,0.751,-0.155
12.669,0.75,-0.171,-0.18,-0.163,-0.106,-0.154,0.751,-0.163
12.775,0.75,-0.171,-0.18,-0.163,-0.106,-0.154,0.751,-0.174
12.883,0.75,-0.171,-0.18,-0.163,-0.106,-0.154,0.751,-0.181
12.991,0.75,-0.171,-0.18,-0.163,-0.106,-0.154,0.751,-0.183
13.098,0.75,-0.171,-0.18,-0.163,-0.106,-0.154,0.751,-0.183
13.201,0.75,-0.171,-0.18,-0.163,-0.106,-0.154,0.751,-0.185
13.302,0.75,-0.171,-0.18,-0.163,-0.106,-0.154,0.751,-0.181
13.406,0.75,-0.171,-0.18,-0.163,-0.106,-0.154,0.751,-0.176
13.508,0.75,-0.171,-0.18,-0.163,-0.106,-0.154,0.751,-0.177
13.619,0.75,-0.171,-0.18,-0.162,-0.106,-0.154,0.75,-0.174
13.722,0.75,-0.171,-0.18,-0.162,-0.106,-0.154,0.75,-0.169
13.826,0.75,-0.171,-0.18,-0.162,-0.106,-0.154,0.75,-0.164
13.93,0.75,-0.171,-0.18,-0.162,-0.106,-0.154,0.75,-0.164
14.035,0.75,-0.171,-0.18,-0.162,-0.106,-0.154,0.75,-0.163
14.141,0.75,-0.171,-0.18,-0.162,-0.106,-0.154,0.75,-0.163
14.25,0.75,-0.171,-0.18,-0.162,-0.106,-0.154,0.75,-0.166
14.361,0.75,-0.171,-0.18,-0.162,-0.106,-0.154,0.75,-0.168
14.47,0.75,-0.171,-0.18,-0.162,-0.106,-0.154,0.75,-0.169
14.578,0.75,-0.171,-0.18,-0.162,-0.106,-0.154,0.75,-0.169
14.682,0.75,-0.171,-0.18,-0.162,-0.106,-0.154,0.75,-0.173
14.789,0.75,-0.171,-0.18,-0.162,-0.106,-0.154,0.75,-0.174
14.894,0.75,-0.171,-0.18,-0.162,-0.106,-0.154,0.75,-0.174
14.997,0.75,-0.171,-0.18,-0.162,-0.106,-0.154,0.75,-0.174
15.103,0.75,-0.171,-0.179,-0.162,-0.106,-0.154,0.75,-0.174
15.206,0.75,-0.171,-0.179,-0.162,-0.106,-0.154,0.75,-0.174
15.31,0.75,-0.171,-0.179,-0.162,-0.106,-0.154,0.75,-0.173
15.411,0.75,-0.171,-0.179,-0.162,-0.106,-0.154,0.75,-0.172
15.517,0.75,-0.171,-0.179,-0.162,-0.106,-0.154,0.75,-0.17
15.64,0.75,-0.171,-0.179,-0.162,-0.106,-0.154,0.75,-0.169
15.742,0.75,-0.171,-0.179,-0.162,-0.106,-0.154,0.75,-0.169
15.853,0.75,-0.171,-0.179,-0.162,-0.106,-0.154,0.75,-0.169
15.957,0.75,-0.171,-0.179,-0.162,-0.106,-0.154,0.75,-0.169
16.064,0.75,-0.171,-0.179,-0.162,-0.106,-0.154,0.75,-0.169
16.167,0.75,-0.171,-0.179,-0.162,-0.106,-0.154,0.75,-0.17
16.27,0.75,-0.171,-0.179,-0.162,-0.106,-0.154,0.75,-0.17
16.378,0.75,-0.171,-0.179,-0.162,-0.106,-0.154,0.75,-0.171
16.491,0.75,-0.171,-0.179,-0.162,-0.106,-0.154,0.75,-0.171
16.597,0.75,-0.171,-0.179,-0.162,-0.106,-0.154,0.75,-0.171
16.703,0.75,-0.171,-0.179,-0.162,-0.106,-0.154,0.75,-0.172
16.807,0.75,-0.171,-0.179,-0.162,-0.106,-0.154,0.75,-0.172
16.911,0.75,-0.171,-0.179,-0.162,-0.106,-0.154,0.75,-0.172
17.027,0.75,-0.171,-0.179,-0.162,-0.106,-0.154,0.75,-0.172
17.137,0.75,-0.171,-0.179,-0.162,-0.106,-0.154,0.75,-0.172
17.245,0.75,-0.171,-0.179,-0.162,-0.106,-0.154,0.75,-0.172
17.349,0.75,-0.171,-0.179,-0.162,-0.106,-0.154,0.75,-0.171
17.454,0.75,-0.171,-0.179,-0.162,-0.106,-0.154,0.75,-0.171
17.559,0.75,-0.171,-0.179,-0.162,-0.106,-0.154,0.75,-0.171
17.675,0.75,-0.171,-0.179,-0.162,-0.106,-0.154,0.75,-0.17
17.783,0.75,-0.171,-0.179,-0.162,-0.106,-0.154,0.75,-0.17
17.89,0.75,-0.171,-0.179,-0.162,-0.106,-0.154,0.75,-0.17
17.996,0.75,-0.171,-0.179,-0.162,-0.106,-0.154,0.75,-0.17
18.099,0.75,-0.171,-0.179,-0.162,-0.106,-0.154,0.75,-0.17
18.215,0.75,-0.171,-0.179,-0.162,-0.106,-0.154,0.75,-0.171
18.325,0.75,-0.171,-0.179,-0.162,-0.106,-0.154,0.75,-0.171
18.432,0.75,-0.171,-0.179,-0.162,-0.106,-0.154,0.75,-0.171
18.55,0.75,-0.171,-0.179,-0.162,-0.106,-0.154,0.75,-0.171
18.663,0.75,-0.171,-0.179,-0.162,-0.106,-0.154,0.75,-0.171
18.765,0.75,-0.171,-0.179,-0.162,-0.106,-0.154,0.75,-0.171
18.866,0.75,-0.171,-0.179,-0.162,-0.106,-0.154,0.75,-0.171
18.976,0.75,-0.171,-0.179,-0.162,-0.106,-0.154,0.75,-0.171
19.076,0.75,-0.171,-0.179,-0.162,-0.106,-0.154,0.75,-0.171
19.179,0.75,-0.171,-0.179,-0.162,-0.106,-0.154,0.75,-0.171
19.28,0.75,-0.171,-0.179,-0.162,-0.106,-0.154,0.75,-0.171
19.386,0.75,-0.171,-0.179,-0.162,-0.106,-0.154,0.75,-0.171
19.497,0.75,-0.171,-0.179,-0.162,-0.106,-0.154,0.75,-0.171
19.603,0.75,-0.171,-0.179,-0.162,-0.106,-0.154,0.75,-0.171
19.708,0.75,-0.171,-0.179,-0.162,-0.106,-0.154,0.75,-0.171
19.812,0.75,-0.171,-0.179,-0.162,-0.106,-0.154,0.75,-0.171
19.918,0.75,-0.171,-0.179,-0.162,-0.106,-0.154,0.75,-0.171
20.02,0.75,-0.171,-0.179,-0.162,-0.106,-0.154,0.75,-0.171
20.153,0.75,-0.246,-0.25,-0.243,-0.218,-0.239,0.75,-0.171
20.263,0.75,-0.246,-0.25,-0.243,-0.218,-0.239,0.75,-0.171
20.365,0.75,-0.246,-0.25,-0.243,-0.218,-0.239,0.75,-0.171
20.467,0.75,-0.246,-0.25,-0.243,-0.218,-0.239,0.75,-0.171
20.579,0.75,-0.246,-0.25,-0.243,-0.218,-0.239,0.75,-0.171
20.68,0.75,-0.246,-0.25,-0.243,-0.218,-0.239,0.75,-0.202
20.785,0.75,-0.246,-0.25,-0.243,-0.218,-0.239,0.75,-0.225
20.886,0.75,-0.246,-0.25,-0.243,-0.218,-0.239,0.75,-0.262
20.988,0.75,-0.246,-0.25,-0.243,-0.218,-0.239,0.75,-0.278
21.089,0.75,-0.246,-0.25,-0.243,-0.218,-0.239,0.75,-0.275
21.191,0.75,-0.246,-0.25,-0.243,-0.218,-0.239,0.75,-0.282
21.294,0.75,-0.246,-0.25,-0.243,-0.218,-0.239,0.75,-0.29
21.404,0.75,-0.246,-0.25,-0.243,-0.218,-0.239,0.75,-0.303
21.508,0.75,-0.246,-0.25,-0.243,-0.218,-0.239,0.75,-0.294
21.614,0.75,-0.246,-0.25,-0.243,-0.218,-0.239,0.75,-0.29
21.726,0.75,-0.246,-0.25,-0.243,-0.218,-0.239,0.75,-0.274
21.838,0.75,-0.246,-0.25,-0.243,-0.218,-0.239,0.75,-0.248
21.944,0.75,-0.246,-0.25,-0.243,-0.218,-0.239,0.75,-0.237
22.054,0.75,-0.246,-0.25,-0.243,-0.218,-0.239,0.75,-0.232
22.159,0.75,-0.247,-0.25,-0.243,-0.218,-0.239,0.75,-0.233
22.264,0.75,-0.247,-0.25,-0.243,-0.218,-0.239,0.75,-0.229
22.369,0.75,-0.247,-0.25,-0.243,-0.218,-0.239,0.75,-0.218
22.48,0.75,-0.247,-0.25,-0.243,-0.218,-0.239,0.75,-0.219
22.59,0.75,-0.247,-0.25,-0.243,-0.218,-0.239,0.75,-0.221
22.696,0.75,-0.247,-0.25,-0.243,-0.218,-0.239,0.75,-0.229
22.802,0.75,-0.247,-0.25,-0.243,-0.218,-0.239,0.75,-0.236
22.908,0.75,-0.247,-0.25,-0.243,-0.218,-0.239,0.75,-0.243
23.013,0.75,-0.247,-0.25,-0.243,-0.218,-0.239,0.75,-0.247
23.114,0.75,-0.247,-0.25,-0.243,-0.218,-0.239,0.75,-0.246
23.226,0.75,-0.247,-0.25,-0.243,-0.218,-0.239,0.75,-0.246
23.333,0.75,-0.247,-0.25,-0.243,-0.218,-0.239,0.75,-0.26
23.442,0.75,-0.247,-0.25,-0.243,-0.218,-0.239,0.75,-0.261
23.553,0.75,-0.247,-0.25,-0.243,-0.218,-0.239,0.75,-0.261
23.661,0.75,-0.247,-0.25,-0.243,-0.218,-0.239,0.75,-0.259
23.764,0.75,-0.247,-0.25,-0.243,-0.218,-0.239,0.75,-0.257
23.866,0.75,-0.247,-0.25,-0.243,-0.218,-0.239,0.75,-0.25
23.971,0.75,-0.247,-0.25,-0.243,-0.218,-0.239,0.75,-0.248
24.086,0.75,-0.247,-0.25,-0.243,-0.218,-0.239,0.75,-0.246
24.188,0.75,-0.247,-0.25,-0.243,-0.218,-0.239,0.75,-0.245
24.296,0.75,-0.247,-0.25,-0.243,-0.218,-0.239,0.75,-0.243
24.404,0.75,-0.247,-0.25,-0.243,-0.218,-0.239,0.75,-0.241
24.511,0.75,-0.247,-0.25,-0.243,-0.218,-0.239,0.75,-0.241
24.616,0.75,-0.247,-0.25,-0.243,-0.218,-0.239,0.75,-0.242
24.719,0.75,-0.247,-0.25,-0.243,-0.218,-0.239,0.75,-0.242
24.827,0.75,-0.247,-0.25,-0.243,-0.218,-0.239,0.75,-0.245
24.939,0.75,-0.247,-0.25,-0.243,-0.218,-0.239,0.75,-0.248
25.045,0.75,-0.247,-0.25,-0.243,-0.218,-0.239,0.75,-0.248
25.147,0.75,-0.247,-0.25,-0.243,-0.218,-0.239,0.75,-0.249
25.251,0.75,-0.247,-0.25,-0.243,-0.218,-0.239,0.75,-0.249
25.355,0.75,-0.247,-0.25,-0.243,-0.218,-0.239,0.75,-0.248
25.463,0.75,-0.247,-0.25,-0.243,-0.218,-0.239,0.75,-0.248
25.565,0.75,-0.247,-0.25,-0.243,-0.218,-0.239,0.75,-0.247
25.669,0.75,-0.247,-0.25,-0.243,-0.218,-0.239,0.75,-0.247
25.777,0.75,-0.247,-0.25,-0.243,-0.218,-0.239,0.75,-0.247
25.881,0.75,-0.247,-0.25,-0.243,-0.218,-0.239,0.75,-0.247
25.986,0.75,-0.247,-0.25,-0.243,-0.218,-0.239,0.75,-0.246
26.087,0.75,-0.247,-0.25,-0.243,-0.218,-0.239,0.75,-0.246
26.191,0.75,-0.247,-0.25,-0.243,-0.218,-0.239,0.75,-0.246
26.293,0.75,-0.247,-0.25,-0.243,-0.218,-0.239,0.75,-0.246
26.428,0.75,-0.247,-0.25,-0.243,-0.218,-0.239,0.75,-0.246
26.536,0.75,-0.247,-0.25,-0.243,-0.218,-0.239,0.75,-0.246
26.641,0.75,-0.247,-0.25,-0.243,-0.218,-0.239,0.75,-0.246
26.751,0.75,-0.247,-0.25,-0.243,-0.218,-0.239,0.75,-0.247
26.858,0.75,-0.247,-0.25,-0.243,-0.218,-0.239,0.75,-0.247
26.959,0.75,-0.247,-0.25,-0.243,-0.218,-0.239,0.75,-0.247
27.061,0.75,-0.247,-0.25,-0.243,-0.218,-0.239,0.75,-0.247
27.17,0.75,-0.247,-0.25,-0.243,-0.218,-0.239,0.75,-0.247
27.28,0.75,-0.247,-0.25,-0.243,-0.218,-0.239,0.75,-0.247
27.386,0.75,-0.247,-0.25,-0.243,-0.218,-0.239,0.75,-0.247
27.498,0.75,-0.247,-0.25,-0.243,-0.218,-0.239,0.75,-0.246
27.601,0.75,-0.247,-0.25,-0.243,-0.218,-0.239,0.75,-0.246
27.703,0.75,-0.247,-0.25,-0.243,-0.218,-0.239,0.75,-0.246
27.805,0.75,-0.247,-0.25,-0.243,-0.218,-0.239,0.75,-0.246
27.906,0.75,-0.247,-0.25,-0.243,-0.218,-0.239,0.75,-0.246
28.011,0.75,-0.247,-0.25,-0.243,-0.218,-0.239,0.75,-0.246
28.122,0.75,-0.247,-0.25,-0.243,-0.218,-0.239,0.75,-0.246
28.236,0.75,-0.247,-0.25,-0.243,-0.218,-0.239,0.75,-0.246
28.343,0.75,-0.247,-0.25,-0.243,-0.218,-0.239,0.75,-0.246
28.447,0.75,-0.247,-0.25,-0.243,-0.218,-0.239,0.75,-0.247
28.554,0.75,-0.247,-0.25,-0.243,-0.218,-0.239,0.75,-0.247
28.66,0.75,-0.247,-0.25,-0.243,-0.218,-0.239,0.75,-0.247
28.762,0.75,-0.247,-0.25,-0.243,-0.218,-0.239,0.75,-0.247
28.871,0.75,-0.247,-0.25,-0.243,-0.218,-0.239,0.75,-0.247
28.978,0.75,-0.247,-0.25,-0.243,-0.218,-0.239,0.75,-0.247
29.08,0.75,-0.247,-0.25,-0.243,-0.218,-0.239,0.75,-0.247
29.187,0.75,-0.247,-0.25,-0.243,-0.218,-0.239,0.75,-0.247
29.296,0.75,-0.247,-0.25,-0.243,-0.218,-0.239,0.75,-0.247
29.401,0.75,-0.247,-0.25,-0.243,-0.218,-0.239,0.75,-0.246
29.519,0.75,-0.247,-0.25,-0.243,-0.218,-0.239,0.75,-0.246
29.637,0.75,-0.247,-0.25,-0.243,-0.218,-0.239,0.75,-0.246
29.739,0.75,-0.247,-0.25,-0.243,-0.218,-0.239,0.75,-0.246
29.842,0.75,-0.247,-0.25,-0.243,-0.218,-0.239,0.75,-0.246
29.948,0.75,-0.247,-0.25,-0.243,-0.218,-0.239,0.75,-0.247
30.053,0.75,-0.247,-0.25,-0.243,-0.218,-0.239,0.75,-0.247
30.156,0.75,0.0,0.012,-0.012,-0.093,-0.025,0.75,-0.247
30.26,0.75,0.0,0.012,-0.012,-0.093,-0.025,0.75,-0.247
30.362,0.75,0.0,0.012,-0.012,-0.093,-0.025,0.75,-0.247
30.463,0.75,0.0,0.012,-0.012,-0.093,-0.025,0.75,-0.247
30.566,0.75,0.0,0.012,-0.012,-0.093,-0.025,0.75,-0.211
30.668,0.75,0.0,0.012,-0.012,-0.093,-0.025,0.75,-0.192
30.771,0.75,0.0,0.012,-0.012,-0.093,-0.025,0.75,-0.19
30.88,0.75,0.0,0.012,-0.012,-0.093,-0.025,0.75,-0.045
30.983,0.75,0.0,0.012,-0.012,-0.093,-0.025,0.748,0.081
31.088,0.75,0.0,0.012,-0.012,-0.093,-0.025,0.748,0.099
31.199,0.75,0.0,0.012,-0.012,-0.093,-0.025,0.748,0.114
31.3,0.75,0.0,0.012,-0.012,-0.093,-0.025,0.748,0.107
31.403,0.75,0.0,0.012,-0.012,-0.093,-0.025,0.748,0.094
31.508,0.75,0.0,0.012,-0.012,-0.093,-0.025,0.748,0.056
31.609,0.75,0.0,0.012,-0.012,-0.093,-0.025,0.748,0.056
31.714,0.75,0.0,0.012,-0.012,-0.093,-0.025,0.749,0.043
31.82,0.75,0.0,0.012,-0.012,-0.093,-0.025,0.749,0.021
31.921,0.75,0.0,0.012,-0.012,-0.093,-0.025,0.749,-0.019
32.034,0.75,0.0,0.012,-0.012,-0.093,-0.025,0.749,-0.017
32.143,0.75,0.0,0.012,-0.012,-0.093,-0.025,0.749,-0.02
32.253,0.75,0.0,0.012,-0.012,-0.093,-0.025,0.749,-0.019
32.365,0.75,0.0,0.012,-0.012,-0.093,-0.025,0.749,-0.019
32.467,0.75,0.0,0.012,-0.012,-0.093,-0.025,0.749,-0.008
32.571,0.75,0.0,0.012,-0.012,-0.093,-0.025,0.749,0.001
32.675,0.75,0.0,0.012,-0.012,-0.093,-0.025,0.749,0.001
32.782,0.75,0.0,0.012,-0.012,-0.093,-0.025,0.749,0.0
32.888,0.75,0.0,0.012,-0.012,-0.093,-0.025,0.749,0.01
32.998,0.75,0.0,0.012,-0.012,-0.093,-0.025,0.749,0.01
33.1,0.75,0.0,0.012,-0.012,-0.093,-0.025,0.749,0.01
33.209,0.75,0.0,0.012,-0.012,-0.093,-0.025,0.749,0.009
33.312,0.75,0.0,0.012,-0.012,-0.093,-0.025,0.75,0.009
33.416,0.75,0.0,0.012,-0.012,-0.093,-0.025,0.75,0.005
33.53,0.75,0.0,0.012,-0.012,-0.093,-0.025,0.75,0.001
33.635,0.75,0.0,0.012,-0.012,-0.093,-0.025,0.75,-0.001
33.737,0.75,0.0,0.012,-0.012,-0.093,-0.025,0.75,-0.002
33.842,0.75,0.0,0.012,-0.012,-0.093,-0.025,0.75,-0.002
33.944,0.75,0.0,0.012,-0.012,-0.093,-0.025,0.75,-0.006
34.047,0.75,0.0,0.012,-0.012,-0.093,-0.025,0.75,-0.005
34.167,0.75,0.0,0.012,-0.012,-0.093,-0.025,0.75,-0.005
34.269,0.75,0.0,0.012,-0.012,-0.093,-0.025,0.75,-0.005
34.372,0.75,0.0,0.012,-0.012,-0.093,-0.025,0.75,-0.005
34.474,0.75,0.0,0.012,-0.012,-0.093,-0.025,0.75,-0.001
34.579,0.75,0.0,0.012,-0.012,-0.093,-0.025,0.75,-0.0
34.682,0.75,0.0,0.012,-0.012,-0.093,-0.025,0.75,-0.0
34.784,0.75,0.0,0.012,-0.012,-0.093,-0.025,0.75,0.002
34.887,0.75,0.0,0.012,-0.012,-0.093,-0.025,0.75,0.002
34.99,0.75,0.0,0.012,-0.012,-0.093,-0.025,0.75,0.002
35.092,0.75,0.0,0.012,-0.012,-0.093,-0.025,0.75,0.003
35.194,0.75,0.0,0.012,-0.012,-0.093,-0.025,0.75,0.003
35.294,0.75,0.0,0.012,-0.012,-0.093,-0.025,0.75,0.003
35.397,0.75,0.0,0.012,-0.012,-0.093,-0.025,0.75,0.001
35.5,0.75,0.0,0.012,-0.012,-0.093,-0.025,0.75,0.0
35.602,0.75,0.0,0.012,-0.012,-0.093,-0.025,0.75,-0.0
35.708,0.75,0.0,0.012,-0.012,-0.093,-0.025,0.75,-0.0
35.814,0.75,0.0,0.012,-0.012,-0.093,-0.025,0.75,-0.0
35.918,0.75,0.0,0.012,-0.012,-0.093,-0.025,0.75,-0.001
36.033,0.75,0.0,0.012,-0.012,-0.093,-0.025,0.75,-0.001
36.138,0.75,0.0,0.012,-0.012,-0.093,-0.025,0.75,-0.001
36.24,0.75,0.0,0.012,-0.012,-0.093,-0.025,0.75,-0.001
36.347,0.75,0.0,0.012,-0.012,-0.093,-0.025,0.75,-0.001
36.45,0.75,0.0,0.012,-0.012,-0.093,-0.025,0.75,-0.0
36.561,0.75,0.0,0.012,-0.012,-0.093,-0.025,0.75,0.0
36.67,0.75,0.0,0.012,-0.012,-0.093,-0.025,0.75,0.0
36.772,0.75,0.0,0.012,-0.012,-0.093,-0.025,0.75,0.0
36.876,0.75,0.0,0.012,-0.012,-0.093,-0.025,0.75,0.0
36.98,0.75,0.0,0.012,-0.012,-0.093,-0.025,0.75,0.0
37.082,0.75,0.0,0.012,-0.012,-0.093,-0.025,0.75,0.0
37.196,0.75,0.0,0.012,-0.012,-0.093,-0.025,0.75,0.0
37.302,0.75,0.0,0.012,-0.012,-0.093,-0.025,0.75,0.0
37.406,0.75,0.0,0.012,-0.012,-0.093,-0.025,0.75,0.0
37.507,0.75,0.0,0.012,-0.012,-0.093,-0.025,0.75,0.0
37.611,0.75,0.0,0.012,-0.012,-0.093,-0.025,0.75,0.0
37.712,0.75,0.0,0.012,-0.012,-0.093,-0.025,0.75,-0.0
37.815,0.75,0.0,0.012,-0.012,-0.093,-0.025,0.75,-0.0
37.916,0.75,0.0,0.012,-0.012,-0.093,-0.025,0.75,-0.0
38.023,0.75,0.0,0.012,-0.012,-0.093,-0.025,0.75,-0.0
38.129,0.75,0.0,0.012,-0.012,-0.093,-0.025,0.75,-0.0
38.233,0.75,0.0,0.012,-0.012,-0.093,-0.025,0.75,-0.0
38.34,0.75,0.0,0.012,-0.012,-0.093,-0.025,0.75,-0.0
38.45,0.75,0.0,0.012,-0.012,-0.093,-0.025,0.75,-0.0
38.555,0.75,0.0,0.012,-0.012,-0.093,-0.025,0.75,-0.0
38.665,0.75,0.0,0.012,-0.012,-0.093,-0.025,0.75,0.0
38.775,0.75,0.0,0.012,-0.012,-0.093,-0.025,0.75,0.0
38.882,0.75,0.0,0.012,-0.012,-0.093,-0.025,0.75,0.0
38.99,0.75,0.0,0.012,-0.012,-0.093,-0.025,0.75,0.0
39.102,0.75,0.0,0.012,-0.012,-0.093,-0.025,0.75,0.0
39.204,0.75,0.0,0.012,-0.012,-0.093,-0.025,0.75,0.0
39.309,0.75,0.0,0.012,-0.012,-0.093,-0.025,0.75,0.0
39.415,0.75,0.0,0.012,-0.012,-0.093,-0.025,0.75,0.0
39.524,0.75,0.0,0.012,-0.012,-0.093,-0.025,0.75,0.0
39.634,0.75,0.0,0.012,-0.012,-0.093,-0.025,0.75,0.0
39.737,0.75,0.0,0.012,-0.012,-0.093,-0.025,0.75,0.0
39.845,0.75,0.0,0.012,-0.012,-0.093,-0.025,0.75,0.0
39.951,0.75,0.0,0.012,-0.012,-0.093,-0.025,0.75,0.0
40.055,0.75,0.0,0.012,-0.012,-0.093,-0.025,0.75,0.0
40.158,0.75,0.171,0.179,0.162,0.106,0.154,0.75,0.0
40.265,0.75,0.171,0.179,0.162,0.106,0.154,0.75,0.0
40.381,0.75,0.171,0.179,0.162,0.106,0.154,0.75,0.0
40.486,0.75,0.171,0.179,0.162,0.106,0.154,0.75,0.0
40.588,0.75,0.171,0.179,0.162,0.106,0.154,0.749,0.058
40.692,0.75,0.171,0.179,0.162,0.106,0.154,0.749,0.077
40.794,0.75,0.171,0.179,0.162,0.106,0.154,0.749,0.09
40.897,0.75,0.171,0.179,0.162,0.106,0.154,0.749,0.091
41.007,0.75,0.171,0.179,0.162,0.106,0.154,0.748,0.122
41.109,0.75,0.171,0.179,0.162,0.106,0.153,0.747,0.184
41.21,0.75,0.17,0.179,0.162,0.106,0.153,0.747,0.206
41.312,0.75,0.17,0.179,0.162,0.106,0.153,0.747,0.217
41.414,0.75,0.17,0.179,0.162,0.106,0.153,0.747,0.215
41.518,0.75,0.17,0.179,0.162,0.106,0.153,0.746,0.226
41.626,0.75,0.17,0.179,0.162,0.105,0.153,0.746,0.224
41.732,0.75,0.17,0.179,0.162,0.106,0.153,0.747,0.212
41.835,0.75,0.17,0.179,0.162,0.106,0.153,0.747,0.207
41.941,0.75,0.17,0.179,0.162,0.106,0.153,0.747,0.194
42.042,0.75,0.17,0.179,0.162,0.106,0.153,0.748,0.162
42.142,0.75,0.17,0.179,0.162,0.106,0.153,0.748,0.159
42.243,0.75,0.171,0.179,0.162,0.106,0.153,0.748,0.145
42.344,0.75,0.171,0.179,0.162,0.106,0.153,0.748,0.145
42.445,0.75,0.171,0.179,0.162,0.106,0.153,0.748,0.149
42.552,0.75,0.171,0.179,0.162,0.106,0.153,0.748,0.157
42.655,0.75,0.171,0.179,0.162,0.106,0.153,0.748,0.164
42.763,0.75,0.171,0.179,0.162,0.106,0.153,0.748,0.168
42.866,0.75,0.171,0.179,0.162,0.106,0.153,0.748,0.167
42.969,0.75,0.171,0.179,0.162,0.106,0.153,0.748,0.167
43.071,0.75,0.171,0.179,0.162,0.106,0.153,0.748,0.176
43.178,0.75,0.171,0.179,0.162,0.106,0.153,0.748,0.178
43.28,0.75,0.171,0.179,0.162,0.106,0.153,0.748,0.178
43.382,0.75,0.171,0.179,0.162,0.106,0.153,0.748,0.178
43.483,0.75,0.171,0.179,0.162,0.106,0.153,0.749,0.176
43.585,0.75,0.171,0.179,0.162,0.106,0.154,0.749,0.175
43.692,0.75,0.171,0.179,0.162,0.106,0.154,0.749,0.171
43.797,0.75,0.171,0.179,0.162,0.106,0.154,0.749,0.17
43.902,0.75,0.171,0.179,0.162,0.106,0.154,0.749,0.17
44.008,0.75,0.171,0.179,0.162,0.106,0.154,0.749,0.17
44.113,0.75,0.171,0.179,0.162,0.106,0.154,0.749,0.169
44.217,0.75,0.171,0.179,0.162,0.106,0.154,0.749,0.169
44.318,0.75,0.171,0.179,0.162,0.106,0.154,0.749,0.169
44.425,0.75,0.171,0.179,0.162,0.106,0.154,0.749,0.169
44.535,0.75,0.171,0.179,0.162,0.106,0.154,0.749,0.17
44.64,0.75,0.171,0.179,0.162,0.106,0.154,0.75,0.17
44.746,0.75,0.171,0.179,0.162,0.106,0.154,0.75,0.171
44.849,0.75,0.171,0.179,0.162,0.106,0.154,0.75,0.171
44.952,0.75,0.171,0.179,0.162,0.106,0.154,0.75,0.171
45.077,0.75,0.171,0.179,0.162,0.106,0.154,0.75,0.172
45.19,0.75,0.171,0.179,0.162,0.106,0.154,0.75,0.172
45.295,0.75,0.171,0.179,0.162,0.106,0.154,0.75,0.172
45.4,0.75,0.171,0.179,0.162,0.106,0.154,0.75,0.172
45.504,0.75,0.171,0.179,0.162,0.106,0.154,0.75,0.171
45.605,0.75,0.171,0.18,0.162,0.106,0.154,0.75,0.171
45.71,0.75,0.171,0.18,0.162,0.106,0.154,0.75,0.171
45.821,0.75,0.171,0.18,0.162,0.106,0.154,0.75,0.171
45.928,0.75,0.171,0.18,0.162,0.106,0.154,0.75,0.171
46.035,0.75,0.171,0.18,0.162,0.106,0.154,0.75,0.171
46.14,0.75,0.171,0.18,0.162,0.106,0.154,0.75,0.171
46.247,0.75,0.171,0.18,0.162,0.106,0.154,0.75,0.171
46.349,0.75,0.171,0.18,0.162,0.106,0.154,0.75,0.171
46.449,0.75,0.171,0.18,0.162,0.106,0.154,0.75,0.171
46.555,0.75,0.171,0.18,0.162,0.106,0.154,0.75,0.171
46.669,0.75,0.171,0.18,0.162,0.106,0.154,0.75,0.171
46.773,0.75,0.171,0.18,0.162,0.106,0.154,0.751,0.171
46.874,0.75,0.171,0.18,0.162,0.106,0.154,0.751,0.171
46.978,0.75,0.171,0.18,0.162,0.106,0.154,0.751,0.171
47.084,0.75,0.171,0.18,0.163,0.106,0.154,0.751,0.171
47.186,0.75,0.171,0.18,0.163,0.106,0.154,0.751,0.171
47.288,0.75,0.171,0.18,0.163,0.106,0.154,0.751,0.171
47.402,0.75,0.171,0.18,0.163,0.106,0.154,0.751,0.171
47.508,0.75,0.171,0.18,0.163,0.106,0.154,0.751,0.171
47.612,0.75,0.171,0.18,0.163,0.106,0.154,0.751,0.171
47.717,0.75,0.171,0.18,0.163,0.106,0.154,0.751,0.171
47.824,0.75,0.171,0.18,0.163,0.106,0.154,0.751,0.171
47.927,0.75,0.171,0.18,0.163,0.106,0.154,0.751,0.171
48.029,0.75,0.171,0.18,0.163,0.106,0.154,0.751,0.171
48.132,0.75,0.171,0.18,0.163,0.106,0.154,0.751,0.171
48.241,0.75,0.171,0.18,0.163,0.106,0.154,0.751,0.171
48.35,0.75,0.171,0.18,0.163,0.106,0.154,0.751,0.171
48.456,0.75,0.171,0.18,0.163,0.106,0.154,0.751,0.171
48.563,0.75,0.171,0.18,0.163,0.106,0.154,0.751,0.171
48.668,0.75,0.171,0.18,0.163,0.106,0.154,0.751,0.171
48.777,0.75,0.171,0.18,0.163,0.106,0.154,0.751,0.171
48.882,0.75,0.171,0.18,0.163,0.106,0.154,0.751,0.171
48.987,0.75,0.171,0.18,0.163,0.106,0.154,0.751,0.171
49.093,0.75,0.171,0.18,0.162,0.106,0.154,0.751,0.171
49.196,0.75,0.171,0.18,0.162,0.106,0.154,0.75,0.171
49.3,0.75,0.171,0.18,0.162,0.106,0.154,0.75,0.171
49.407,0.75,0.171,0.18,0.162,0.106,0.154,0.75,0.171
49.508,0.75,0.171,0.18,0.162,0.106,0.154,0.75,0.171
49.612,0.75,0.171,0.18,0.162,0.106,0.154,0.75,0.171
49.715,0.75,0.171,0.18,0.162,0.106,0.154,0.75,0.171
49.822,0.75,0.171,0.18,0.162,0.106,0.154,0.75,0.171
49.929,0.75,0.171,0.18,0.162,0.106,0.154,0.75,0.171
50.03,0.75,0.171,0.18,0.162,0.106,0.154,0.75,0.171
50.145,0.75,0.247,0.25,0.243,0.218,0.239,0.75,0.171
50.273,0.75,0.247,0.25,0.243,0.218,0.239,0.75,0.171
50.385,0.75,0.247,0.25,0.243,0.218,0.239,0.75,0.171
50.487,0.75,0.247,0.25,0.243,0.218,0.239,0.75,0.171
50.594,0.75,0.247,0.25,0.243,0.218,0.239,0.75,0.181
50.703,0.75,0.246,0.25,0.243,0.218,0.239,0.75,0.205
50.806,0.75,0.246,0.25,0.242,0.218,0.239,0.749,0.219
50.91,0.75,0.246,0.25,0.242,0.218,0.239,0.749,0.23
51.012,0.75,0.246,0.25,0.242,0.218,0.239,0.749,0.237
51.119,0.75,0.246,0.25,0.242,0.217,0.238,0.749,0.244
51.223,0.75,0.246,0.25,0.242,0.217,0.238,0.748,0.271
51.33,0.75,0.246,0.25,0.242,0.217,0.238,0.748,0.272
51.433,0.75,0.246,0.25,0.242,0.217,0.238,0.748,0.272
51.567,0.75,0.246,0.25,0.242,0.217,0.238,0.748,0.263
51.674,0.75,0.246,0.25,0.242,0.217,0.238,0.748,0.257
51.776,0.75,0.246,0.25,0.242,0.217,0.238,0.748,0.252
51.88,0.75,0.246,0.25,0.242,0.217,0.238,0.748,0.248
51.988,0.75,0.246,0.25,0.242,0.217,0.238,0.748,0.249
52.092,0.75,0.246,0.25,0.242,0.217,0.238,0.749,0.247
52.196,0.75,0.246,0.25,0.242,0.218,0.239,0.749,0.239
52.305,0.75,0.246,0.25,0.242,0.218,0.239,0.749,0.239
52.413,0.75,0.246,0.25,0.242,0.218,0.239,0.749,0.24
52.519,0.75,0.246,0.25,0.242,0.218,0.239,0.749,0.239
52.625,0.75,0.246,0.25,0.242,0.218,0.239,0.749,0.24
52.731,0.75,0.246,0.25,0.242,0.218,0.239,0.749,0.244
52.835,0.75,0.246,0.25,0.242,0.218,0.239,0.749,0.244
52.938,0.75,0.246,0.25,0.242,0.218,0.239,0.749,0.246
53.052,0.75,0.246,0.25,0.242,0.218,0.239,0.749,0.246
53.165,0.75,0.246,0.25,0.242,0.218,0.239,0.749,0.248
53.269,0.75,0.246,0.25,0.242,0.218,0.239,0.749,0.248
53.372,0.75,0.246,0.25,0.242,0.218,0.239,0.749,0.249
53.479,0.75,0.246,0.25,0.242,0.218,0.239,0.749,0.249
53.584,0.75,0.246,0.25,0.242,0.218,0.239,0.749,0.249
53.689,0.75,0.246,0.25,0.242,0.218,0.239,0.749,0.248
53.796,0.75,0.246,0.25,0.242,0.218,0.239,0.749,0.247
53.909,0.75,0.246,0.25,0.242,0.218,0.239,0.749,0.246
54.014,0.75,0.246,0.25,0.242,0.218,0.239,0.749,0.246
54.125,0.75,0.246,0.25,0.243,0.218,0.239,0.749,0.246
54.235,0.75,0.246,0.25,0.243,0.218,0.239,0.749,0.244
54.346,0.75,0.246,0.25,0.243,0.218,0.239,0.75,0.245
54.447,0.75,0.246,0.25,0.243,0.218,0.239,0.75,0.245
54.556,0.75,0.246,0.25,0.243,0.218,0.239,0.75,0.245
54.661,0.75,0.246,0.25,0.243,0.218,0.239,0.75,0.246
54.764,0.75,0.246,0.25,0.243,0.218,0.239,0.75,0.246
54.868,0.75,0.246,0.25,0.243,0.218,0.239,0.75,0.246
54.977,0.75,0.246,0.25,0.243,0.218,0.239,0.75,0.246
55.084,0.75,0.246,0.25,0.243,0.218,0.239,0.75,0.246
55.186,0.75,0.246,0.25,0.243,0.218,0.239,0.75,0.247
55.29,0.75,0.246,0.25,0.243,0.218,0.239,0.75,0.247
55.393,0.75,0.246,0.25,0.243,0.218,0.239,0.75,0.247
55.494,0.75,0.246,0.25,0.243,0.218,0.239,0.75,0.247
55.595,0.75,0.247,0.25,0.243,0.218,0.239,0.75,0.247
55.698,0.75,0.247,0.25,0.243,0.218,0.239,0.75,0.247
55.799,0.75,0.247,0.25,0.243,0.218,0.239,0.75,0.247
55.907,0.75,0.247,0.25,0.243,0.218,0.239,0.75,0.247
56.01,0.75,0.247,0.25,0.243,0.218,0.239,0.75,0.246
56.112,0.75,0.247,0.25,0.243,0.218,0.239,0.75,0.246
56.217,0.75,0.247,0.25,0.243,0.218,0.239,0.75,0.246
56.318,0.75,0.247,0.25,0.243,0.218,0.239,0.75,0.246
56.422,0.75,0.247,0.25,0.243,0.218,0.239,0.75,0.246
56.527,0.75,0.247,0.25,0.243,0.218,0.239,0.75,0.246
56.639,0.75,0.247,0.25,0.243,0.218,0.239,0.75,0.246
56.742,0.75,0.247,0.25,0.243,0.218,0.239,0.75,0.246
56.848,0.75,0.247,0.25,0.243,0.218,0.239,0.75,0.247
56.956,0.75,0.247,0.25,0.243,0.218,0.239,0.75,0.247
57.058,0.75,0.247,0.25,0.243,0.218,0.239,0.75,0.247
57.166,0.75,0.247,0.25,0.243,0.218,0.239,0.75,0.247
57.284,0.75,0.247,0.25,0.243,0.218,0.239,0.75,0.247
57.403,0.75,0.247,0.25,0.243,0.218,0.239,0.75,0.247
57.507,0.75,0.247,0.25,0.243,0.218,0.239,0.75,0.247
57.61,0.75,0.247,0.25,0.243,0.218,0.239,0.75,0.247
57.711,0.75,0.247,0.25,0.243,0.218,0.239,0.75,0.247
57.815,0.75,0.247,0.25,0.243,0.218,0.239,0.75,0.247
57.921,0.75,0.247,0.25,0.243,0.218,0.239,0.75,0.247
58.029,0.75,0.247,0.25,0.243,0.218,0.239,0.75,0.247
58.139,0.75,0.247,0.25,0.243,0.218,0.239,0.75,0.247
58.244,0.75,0.247,0.25,0.243,0.218,0.239,0.75,0.247
58.351,0.75,0.247,0.25,0.243,0.218,0.239,0.75,0.247
58.455,0.75,0.247,0.25,0.243,0.218,0.239,0.75,0.247
58.56,0.75,0.247,0.25,0.243,0.218,0.239,0.75,0.247
58.665,0.75,0.247,0.25,0.243,0.218,0.239,0.75,0.247
58.772,0.75,0.247,0.25,0.243,0.218,0.239,0.75,0.247
58.88,0.75,0.247,0.25,0.243,0.218,0.239,0.75,0.247
58.987,0.75,0.247,0.25,0.243,0.218,0.239,0.75,0.247
59.091,0.75,0.247,0.25,0.243,0.218,0.239,0.75,0.247
59.197,0.75,0.247,0.25,0.243,0.218,0.239,0.75,0.247
59.299,0.75,0.247,0.25,0.243,0.218,0.239,0.75,0.247
59.402,0.75,0.247,0.25,0.243,0.218,0.239,0.75,0.247
59.505,0.75,0.247,0.25,0.243,0.218,0.239,0.75,0.247
59.61,0.75,0.247,0.25,0.243,0.218,0.239,0.75,0.247
59.715,0.75,0.247,0.25,0.243,0.218,0.239,0.75,0.247
59.818,0.75,0.247,0.25,0.243,0.218,0.239,0.75,0.247
59.919,0.75,0.247,0.25,0.243,0.218,0.239,0.75,0.247
60.033,0.75,0.247,0.25,0.243,0.218,0.239,0.75,0.247
60.136,0.75,0.107,0.1,0.114,0.16,0.121,0.75,0.247
60.24,0.75,0.107,0.1,0.114,0.16,0.121,0.75,0.247
60.343,0.75,0.107,0.1,0.114,0.16,0.121,0.75,0.247
60.45,0.75,0.107,0.1,0.114,0.16,0.121,0.75,0.247
60.558,0.75,0.107,0.1,0.114,0.16,0.121,0.75,0.247
60.661,0.75,0.107,0.1,0.114,0.16,0.121,0.75,0.247
60.769,0.75,0.107,0.1,0.114,0.16,0.121,0.751,0.185
60.87,0.75,0.107,0.1,0.114,0.16,0.121,0.752,0.145
61.009,0.75,0.107,0.1,0.114,0.16,0.121,0.753,0.081
61.115,0.75,0.107,0.1,0.114,0.16,0.121,0.753,0.085
61.222,0.75,0.107,0.1,0.114,0.16,0.121,0.754,0.056
61.328,0.75,0.107,0.1,0.114,0.16,0.121,0.754,0.053
61.435,0.75,0.107,0.1,0.114,0.16,0.121,0.753,0.058
61.543,0.75,0.107,0.1,0.114,0.16,0.121,0.753,0.058
61.646,0.75,0.107,0.1,0.114,0.16,0.121,0.753,0.069
61.751,0.75,0.107,0.1,0.114,0.16,0.121,0.753,0.09
61.857,0.75,0.107,0.1,0.114,0.16,0.121,0.753,0.105
61.97,0.75,0.107,0.1,0.114,0.16,0.121,0.752,0.115
62.074,0.75,0.107,0.1,0.114,0.16,0.121,0.752,0.114
62.177,0.75,0.107,0.1,0.114,0.16,0.121,0.752,0.114
62.286,0.75,0.107,0.1,0.114,0.16,0.121,0.752,0.123
62.387,0.75,0.107,0.1,0.114,0.16,0.121,0.752,0.125
62.501,0.75,0.107,0.1,0.114,0.16,0.121,0.752,0.125
62.606,0.75,0.107,0.1,0.114,0.16,0.121,0.752,0.125
62.708,0.75,0.107,0.1,0.114,0.16,0.121,0.752,0.125
62.811,0.75,0.107,0.1,0.114,0.16,0.121,0.752,0.118
62.912,0.75,0.107,0.1,0.114,0.16,0.121,0.752,0.108
63.021,0.75,0.107,0.1,0.114,0.16,0.121,0.752,0.106
63.125,0.75,0.107,0.1,0.114,0.16,0.121,0.752,0.106
63.227,0.75,0.107,0.1,0.114,0.16,0.121,0.752,0.104
63.329,0.75,0.107,0.1,0.114,0.16,0.121,0.752,0.1
63.434,0.75,0.107,0.1,0.114,0.16,0.121,0.751,0.1
63.538,0.75,0.107,0.1,0.114,0.16,0.121,0.751,0.1
63.64,0.75,0.107,0.1,0.114,0.16,0.121,0.751,0.1
63.747,0.75,0.107,0.1,0.114,0.16,0.121,0.751,0.103
63.857,0.75,0.107,0.1,0.114,0.16,0.121,0.751,0.105
63.96,0.75,0.107,0.1,0.114,0.16,0.121,0.751,0.107
64.077,0.75,0.107,0.1,0.114,0.16,0.121,0.751,0.108
64.183,0.75,0.107,0.1,0.114,0.16,0.121,0.751,0.108
64.292,0.75,0.107,0.1,0.114,0.16,0.121,0.751,0.11
64.398,0.75,0.107,0.1,0.114,0.16,0.121,0.751,0.11
64.504,0.75,0.107,0.1,0.114,0.16,0.121,0.75,0.11
64.613,0.75,0.107,0.1,0.114,0.16,0.121,0.75,0.109
64.718,0.75,0.107,0.1,0.114,0.16,0.121,0.75,0.109
64.82,0.75,0.107,0.1,0.114,0.16,0.121,0.75,0.108
64.928,0.75,0.107,0.1,0.114,0.16,0.121,0.75,0.107
65.034,0.75,0.107,0.1,0.114,0.16,0.121,0.75,0.106
65.146,0.75,0.107,0.1,0.114,0.16,0.121,0.75,0.106
65.255,0.75,0.107,0.1,0.114,0.16,0.121,0.75,0.106
65.361,0.75,0.107,0.1,0.114,0.16,0.121,0.75,0.106
65.463,0.75,0.107,0.1,0.114,0.16,0.121,0.75,0.106
65.571,0.75,0.107,0.1,0.114,0.16,0.121,0.75,0.106
65.672,0.75,0.107,0.1,0.114,0.16,0.121,0.75,0.106
65.772,0.75,0.107,0.1,0.114,0.16,0.121,0.75,0.106
65.874,0.75,0.107,0.1,0.114,0.16,0.121,0.75,0.107
65.978,0.75,0.107,0.1,0.114,0.16,0.121,0.75,0.107
66.08,0.75,0.107,0.1,0.114,0.16,0.121,0.75,0.107
66.183,0.75,0.107,0.1,0.114,0.16,0.121,0.749,0.107
66.294,0.75,0.107,0.1,0.114,0.16,0.121,0.749,0.107
66.405,0.75,0.107,0.1,0.114,0.16,0.121,0.749,0.107
66.51,0.75,0.107,0.1,0.114,0.16,0.121,0.749,0.107
66.625,0.75,0.107,0.1,0.114,0.16,0.121,0.749,0.107
66.726,0.75,0.107,0.1,0.114,0.16,0.121,0.749,0.107
66.833,0.75,0.107,0.1,0.114,0.16,0.121,0.749,0.107
66.935,0.75,0.107,0.1,0.114,0.16,0.121,0.749,0.107
67.037,0.75,0.107,0.1,0.114,0.16,0.121,0.749,0.107
67.142,0.75,0.107,0.1,0.114,0.16,0.121,0.749,0.107
67.243,0.75,0.107,0.1,0.114,0.16,0.121,0.749,0.107
67.347,0.75,0.107,0.1,0.114,0.16,0.121,0.749,0.106
67.457,0.75,0.107,0.1,0.114,0.16,0.121,0.749,0.107
67.562,0.75,0.107,0.1,0.114,0.16,0.121,0.749,0.107
67.67,0.75,0.107,0.1,0.114,0.16,0.121,0.749,0.107
67.777,0.75,0.107,0.1,0.114,0.16,0.121,0.749,0.107
67.884,0.75,0.107,0.1,0.114,0.16,0.121,0.749,0.107
67.988,0.75,0.107,0.1,0.114,0.16,0.121,0.749,0.107
68.095,0.75,0.107,0.1,0.114,0.16,0.121,0.749,0.107
68.202,0.75,0.107,0.1,0.114,0.16,0.121,0.749,0.107
68.305,0.75,0.107,0.1,0.114,0.16,0.121,0.749,0.107
68.408,0.75,0.107,0.1,0.114,0.16,0.121,0.749,0.107
68.509,0.75,0.107,0.1,0.114,0.16,0.121,0.749,0.107
68.618,0.75,0.107,0.1,0.114,0.16,0.121,0.749,0.107
68.722,0.75,0.107,0.1,0.114,0.16,0.121,0.749,0.107
68.827,0.75,0.107,0.1,0.114,0.16,0.121,0.749,0.107
68.93,0.75,0.107,0.1,0.114,0.16,0.121,0.749,0.107
69.039,0.75,0.107,0.1,0.114,0.16,0.121,0.749,0.107
69.146,0.75,0.107,0.1,0.114,0.16,0.121,0.749,0.107
69.252,0.75,0.107,0.1,0.114,0.16,0.121,0.75,0.107
69.355,0.75,0.107,0.1,0.114,0.16,0.121,0.75,0.107
69.461,0.75,0.107,0.1,0.114,0.16,0.121,0.75,0.107
69.566,0.75,0.107,0.1,0.114,0.16,0.121,0.75,0.107
69.673,0.75,0.107,0.1,0.114,0.16,0.121,0.75,0.107
69.774,0.75,0.107,0.1,0.114,0.16,0.121,0.75,0.107
69.882,0.75,0.107,0.1,0.114,0.16,0.121,0.75,0.107
69.987,0.75,0.107,0.1,0.114,0.16,0.121,0.75,0.107
